INSERT INTO ROLE(NAME, CREATED_AT) VALUES('ADMIN', CURRENT_TIMESTAMP(2));
INSERT INTO ROLE(NAME, CREATED_AT) VALUES('MOD', CURRENT_TIMESTAMP(2));

INSERT INTO MANAGER(FIRSTNAME, LASTNAME, EMAIL, CREATED_AT, PASSWORD_HASH, ROLE_ID) VALUES('Khiem', 'DN', 'khiem@eshop.com', CURRENT_TIMESTAMP(2), 'exvxq2ydA4EUTJC+6JQ3JnnMGUvYwouC+rHmixIexqg=', 1);
INSERT INTO MANAGER(FIRSTNAME, LASTNAME, EMAIL, CREATED_AT, PASSWORD_HASH, ROLE_ID) VALUES('John', 'Smith', 'john@eshop.com', CURRENT_TIMESTAMP(2), 'exvxq2ydA4EUTJC+6JQ3JnnMGUvYwouC+rHmixIexqg=', 2);
INSERT INTO MANAGER(FIRSTNAME, LASTNAME, EMAIL, CREATED_AT, PASSWORD_HASH, ROLE_ID) VALUES('Ken', 'Sam', 'ken@eshop.com', CURRENT_TIMESTAMP(2), 'exvxq2ydA4EUTJC+6JQ3JnnMGUvYwouC+rHmixIexqg=', 2);

INSERT INTO CATEGORY(ID, NAME, CREATED_AT) VALUES(1, 'Mobile Phone', CURRENT_TIMESTAMP(2));
INSERT INTO PRODUCT(ID, NAME, REGULAR_PRICE, CREATED_AT, UPDATED_AT) VALUES(1, 'Iphone 10', 699.99, CURRENT_TIMESTAMP(2), CURRENT_TIMESTAMP(2));
INSERT INTO PRODUCT(ID, NAME, REGULAR_PRICE, CREATED_AT, UPDATED_AT) VALUES(2, 'Samsung Galaxy A4', 399.99, CURRENT_TIMESTAMP(2), CURRENT_TIMESTAMP(2));
INSERT INTO PRODUCT(ID, NAME, REGULAR_PRICE, CREATED_AT, UPDATED_AT) VALUES(3, 'OPPO A52', 499.99, CURRENT_TIMESTAMP(2), CURRENT_TIMESTAMP(2));
INSERT INTO PRODUCT_CATEGORY(CATEGORY_ID, PRODUCT_ID) VALUES (1, 1);
INSERT INTO PRODUCT_CATEGORY(CATEGORY_ID, PRODUCT_ID) VALUES (1, 2);
INSERT INTO PRODUCT_CATEGORY(CATEGORY_ID, PRODUCT_ID) VALUES (1, 3);

INSERT INTO CATEGORY(ID, NAME, CREATED_AT) VALUES(2, 'Laptop', CURRENT_TIMESTAMP(2));
INSERT INTO PRODUCT(ID, NAME, REGULAR_PRICE, CREATED_AT, UPDATED_AT) VALUES(4, 'Acer Aspire 3', 499.99, CURRENT_TIMESTAMP(2), CURRENT_TIMESTAMP(2));
INSERT INTO PRODUCT(ID, NAME, REGULAR_PRICE, CREATED_AT, UPDATED_AT) VALUES(5, 'Lenovo IdeaPad 3', 599.99, CURRENT_TIMESTAMP(2), CURRENT_TIMESTAMP(2));
INSERT INTO PRODUCT_CATEGORY(CATEGORY_ID, PRODUCT_ID) VALUES (2, 4);
INSERT INTO PRODUCT_CATEGORY(CATEGORY_ID, PRODUCT_ID) VALUES (2, 5);

INSERT INTO CATEGORY(ID, NAME, CREATED_AT) VALUES(4, 'Technology', CURRENT_TIMESTAMP(2));
INSERT INTO PRODUCT_CATEGORY(CATEGORY_ID, PRODUCT_ID) VALUES (4, 1);
INSERT INTO PRODUCT_CATEGORY(CATEGORY_ID, PRODUCT_ID) VALUES (4, 2);
INSERT INTO PRODUCT_CATEGORY(CATEGORY_ID, PRODUCT_ID) VALUES (4, 3);
INSERT INTO PRODUCT_CATEGORY(CATEGORY_ID, PRODUCT_ID) VALUES (4, 4);
INSERT INTO PRODUCT_CATEGORY(CATEGORY_ID, PRODUCT_ID) VALUES (4, 5);


